Comment;Designator;Footprint;JLCPCB Part#;
10u;C1,C2,C4;Capacitor_THT:C_Rect_L4.6mm_W2.0mm_P2.50mm_MKS02_FKP02;C89283;
0.1u;C3;Capacitor_THT:C_Radial_D6.3mm_H5.0mm_P2.50mm;C2896070;
D_Schottky;D1;MBR052:MBR0520LT;C165467;
LED;D2;TO4056:LED_KT-0603R;C2286;
LED;D3;TO4056:LED_KT-0603R;C2297;
USB_B_Micro;J1;Connector_USB:USB_Micro-B_Molex-105133-0001;C234179;
Conn_01x02;J2;Connector_JST:JST_PH_B2B-PH-K_1x02_P2.00mm_Vertical;C5116481;
Conn_01x02_Pin;J3;Connector_PinHeader_2.54mm:PinHeader_1x02_P2.54mm_Horizontal;C160237;
Conn_02x08_Odd_Even;J4;Connector_PinHeader_2.54mm:PinHeader_2x08_P2.54mm_Horizontal;C5116485;
1K;R1,R2;Resistor_SMD:R_1206_3216Metric;C4410;
2.7K;R3;Resistor_SMD:R_0805_2012Metric;C17520;
2.2K;R4,R6;Resistor_SMD:R_0805_2012Metric;C17530;
820;R5;Resistor_SMD:R_0805_2012Metric;C17828;
0.56;R7,R8;Resistor_SMD:R_2512_6332Metric;C621281;
10K;R9;Resistor_SMD:R_1206_3216Metric;C17902;
SW_Push_Open_Dual_x2;SW2;Button_Switch_THT:SW_PUSH_1P1T_6x3.5mm_H4.3_APEM_MJTP1243;C2848627;
TP4056;U1;TO4056:SOP127P600X175-9N;C725790;
DRV8847PWP;U3;Package_SO:HTSSOP-16-1EP_4.4x5mm_P0.65mm_EP3.4x5mm_Mask2.46x2.31mm_ThermalVias;C544361;
;;;;
